{
  "agi_designed_compound": "advanced_lnp_formulation",
  "chemical_specifications": {
    "type": "LNP delivery system",
    "lipids": "IONizable lipid: SM-102, PEG-lipid: DMG-PEG2000",
    "ratio": "50:10:38.5:1.5 (ionizable:phospholipid:cholesterol:PEG)",
    "size": 80.2,
    "pdi": 0.08,
    "encapsulation_efficiency": 95.7,
    "stability": 0.91,
    "targeting": "Liver-spleen immune cell preference",
    "description": "Advanced LNP formulation for efficient mRNA delivery"
  },
  "collaborative_design_process": {
    "final_confidence_score": 0.8328379273106966,
    "unanimous_decision": false,
    "vote_distribution": {
      "optimized_spike_mrna": 4,
      "advanced_lnp_formulation": 1,
      "stabilized_spike_protein": 0,
      "novel_immune_adjuvant": 0,
      "conserved_tcell_epitopes": 0,
      "inhalable_nanoparticle": 0
    },
    "specialists_used": 5,
    "discussion_rounds": 3,
    "consensus_achieved": false
  },
  "specialist_analysis": {
    "3D": {
      "final_preference": "optimized_spike_mrna",
      "final_confidence": 1.0,
      "agrees_with_final": false,
      "all_scores": {
        "optimized_spike_mrna": 1.0,
        "advanced_lnp_formulation": 1.0,
        "stabilized_spike_protein": 1.0,
        "novel_immune_adjuvant": 1.0,
        "conserved_tcell_epitopes": 1.0,
        "inhalable_nanoparticle": 1.0
      }
    },
    "5D": {
      "final_preference": "optimized_spike_mrna",
      "final_confidence": 1.0,
      "agrees_with_final": false,
      "all_scores": {
        "optimized_spike_mrna": 1.0,
        "advanced_lnp_formulation": 1.0,
        "stabilized_spike_protein": 1.0,
        "novel_immune_adjuvant": 1.0,
        "conserved_tcell_epitopes": 1.0,
        "inhalable_nanoparticle": 1.0
      }
    },
    "7D": {
      "final_preference": "optimized_spike_mrna",
      "final_confidence": 1.0,
      "agrees_with_final": false,
      "all_scores": {
        "optimized_spike_mrna": 1.0,
        "advanced_lnp_formulation": 1.0,
        "stabilized_spike_protein": 1.0,
        "novel_immune_adjuvant": 1.0,
        "conserved_tcell_epitopes": 1.0,
        "inhalable_nanoparticle": 1.0
      }
    },
    "9D": {
      "final_preference": "advanced_lnp_formulation",
      "final_confidence": 0.16418963655348312,
      "agrees_with_final": true,
      "all_scores": {
        "optimized_spike_mrna": 0.1065626748284616,
        "advanced_lnp_formulation": 0.16418963655348312,
        "stabilized_spike_protein": 0.11478757847000878,
        "novel_immune_adjuvant": 0.14502443217662409,
        "conserved_tcell_epitopes": 0.16391029405793534,
        "inhalable_nanoparticle": 0.16350129109301437
      }
    },
    "10D": {
      "final_preference": "optimized_spike_mrna",
      "final_confidence": 1.0,
      "agrees_with_final": false,
      "all_scores": {
        "optimized_spike_mrna": 1.0,
        "advanced_lnp_formulation": 1.0,
        "stabilized_spike_protein": 1.0,
        "novel_immune_adjuvant": 1.0,
        "conserved_tcell_epitopes": 1.0,
        "inhalable_nanoparticle": 1.0
      }
    }
  },
  "synthesis_recommendations": "Standard pharmaceutical synthesis protocols applicable",
  "predicted_bioavailability": "High based on molecular properties",
  "timestamp": "2025-11-19T22:39:22.135639"
}