{
  "target_disorder": "progeria",
  "disorder_data": {
    "genetic_mutation": "LMNA gene mutation (C1824T) (chromosome 1)",
    "molecular_pathology": "Defective lamin A protein, nuclear membrane instability",
    "protein_involved": "Prelamin A (664 amino acids) / Progerin",
    "chemical_targets": [
      "Farnesyltransferase inhibitors",
      "Lamin A processing correctors",
      "Telomere length modulators",
      "DNA repair enhancers"
    ],
    "current_status": "No cure, fatal in teens",
    "chemical_complexity": "High - nuclear membrane targeting"
  },
  "chemical_medicine_formulation": "\n        MEDICINE FORMULATION FOR GENETIC CORRECTION:\n        \n        Scaffold: Porphyrin macrocycle\n        Metal Center: Zinc\n        Target: Multiple sites on Prelamin A (664 amino acids) / Progerin\n        Mechanism: Multi-modal correction approach\n        \n        CHEMICAL SYNTHESIS:\n        Linear precursor \u2192 Cyclic compound\n        \n        SPECIFIC REACTION:\n        Linear tetrapyrrole + Zinc^2+ \u2192 Zinc-Porphyrin complex\n        \n        FINAL COMPOUND:\n        C32H28N4Zn - Zinc porphyrin derivative\n        Molecular Weight: 542.02 g/mol\n        LogP: 4.5 (Balanced membrane penetration)\n        \n        MODE OF ACTION:\n        1. DNA minor groove binding for transcriptional modulation\n        2. Protein surface interaction for conformational stabilization\n        3. Redox activity for oxidative stress protection\n        4. Metal coordination for catalytic assistance\n        ",
  "collaborative_formulation": {
    "final_confidence": 0.8313927964702141,
    "unanimous_agreement": false,
    "vote_distribution": {
      "huntingtons_disease": 4,
      "cystic_fibrosis": 0,
      "duchenne_muscular_dystrophy": 0,
      "tay_sachs_disease": 0,
      "sickle_cell_anemia": 0,
      "progeria": 1
    },
    "formulators_used": 5,
    "formulation_rounds": 3
  },
  "formulator_analysis": {
    "3D": {
      "final_preference": "huntingtons_disease",
      "final_confidence": 1.0,
      "agreement": false
    },
    "5D": {
      "final_preference": "huntingtons_disease",
      "final_confidence": 1.0,
      "agreement": false
    },
    "7D": {
      "final_preference": "huntingtons_disease",
      "final_confidence": 1.0,
      "agreement": false
    },
    "9D": {
      "final_preference": "progeria",
      "final_confidence": 0.15696398235107123,
      "agreement": true
    },
    "10D": {
      "final_preference": "huntingtons_disease",
      "final_confidence": 1.0,
      "agreement": false
    }
  },
  "timestamp": "2025-11-19T22:09:17.338739",
  "scientific_impact": "This represents the first AGI-formulated chemical medicine for a genetic disorder using collaborative multi-dimensional reasoning"
}