{
  "top_future_concept": "stem_cell_memory_platform",
  "concept_details": {
    "type": "Permanent Immune Memory",
    "target_duration": "Lifetime",
    "missing_technologies": [
      "Memory T-cell programming",
      "Long-lived plasma cell generation",
      "Bone marrow niche engineering",
      "Immune stem cell activation"
    ],
    "scientific_basis": "Program hematopoietic stem cells to generate permanent coronavirus-specific immunity",
    "mechanism": "Engineered stem cells continuously produce memory B/T cells against conserved epitopes",
    "advantages": "True lifetime immunity, self-renewing protection",
    "technical_challenges": "Stem cell targeting safety, controlled differentiation, off-target effects",
    "development_timeline": "15-25 years",
    "key_innovations_needed": [
      "Safe stem cell gene editing",
      "Tissue-specific homing signals",
      "Controlled immune cell production",
      "Escape mutation resistance"
    ]
  },
  "top_5_future_technologies": [
    {
      "rank": 1,
      "name": "stem_cell_memory_platform",
      "type": "Permanent Immune Memory",
      "target_duration": "Lifetime",
      "timeline": "15-25 years",
      "future_score": 4.154207707459056
    },
    {
      "rank": 2,
      "name": "synthetic_gene_circuit",
      "type": "Programmable Immunity",
      "target_duration": "Lifetime with updates",
      "timeline": "20-25 years",
      "future_score": 4.1507721583264825
    },
    {
      "rank": 3,
      "name": "chromosomal_integration_vaccine",
      "type": "Genomic Immunity",
      "target_duration": "35+ years",
      "timeline": "20-30 years",
      "future_score": 4.150587211265918
    },
    {
      "rank": 4,
      "name": "synthetic_immune_organoid",
      "type": "Engineered Immunity",
      "target_duration": "Permanent",
      "timeline": "25-35 years",
      "future_score": 4.149914119561649
    },
    {
      "rank": 5,
      "name": "nanoscale_immune_surveillance",
      "type": "Active Surveillance System",
      "target_duration": "Permanent with maintenance",
      "timeline": "30-40 years",
      "future_score": 4.148688277592771
    }
  ],
  "critical_missing_technologies": [
    {
      "technology": "Memory T-cell programming",
      "priority_score": 1
    },
    {
      "technology": "Long-lived plasma cell generation",
      "priority_score": 1
    },
    {
      "technology": "Bone marrow niche engineering",
      "priority_score": 1
    },
    {
      "technology": "Immune stem cell activation",
      "priority_score": 1
    },
    {
      "technology": "Synthetic biology circuits",
      "priority_score": 1
    },
    {
      "technology": "In vivo gene therapy",
      "priority_score": 1
    },
    {
      "technology": "Wireless genetic updates",
      "priority_score": 1
    },
    {
      "technology": "Biological computation",
      "priority_score": 1
    }
  ],
  "technology_development_roadmap": {
    "short_term_5_10_years": [],
    "mid_term_10_20_years": [],
    "long_term_20_plus_years": [
      {
        "concept": "synthetic_gene_circuit",
        "type": "Programmable Immunity",
        "key_innovations": [
          "Stable genetic circuits in vivo",
          "Safe delivery systems",
          "External update mechanisms"
        ],
        "impact_potential": "High"
      }
    ]
  },
  "current_technology_limitations": {
    "type": "Technology Gap Analysis",
    "duration_limit": "6-12 months",
    "missing_technologies": [
      "Immune memory programming",
      "Stem cell-like memory generation",
      "Broad coronavirus targeting",
      "Mucosal permanent immunity",
      "Viral evolution prediction"
    ],
    "scientific_barriers": [
      "Limited understanding of long-term immune memory",
      "Cannot program tissue-resident memory cells",
      "No technology for permanent plasma cells",
      "Limited cross-variant protection mechanisms"
    ]
  },
  "key_finding": "To achieve Lifetime COVID-19 protection, we need: Memory T-cell programming, Long-lived plasma cell generation, Bone marrow niche engineering",
  "timestamp": "2025-11-22T20:37:24.525766"
}