{
  "geometric_correction_rules": {
    "spacing_operators": {
      "description": "Add spaces around operators for geometric balance",
      "operators": ["+", "-", "*", "/", "=", "==", "!=", "<", ">", "<=", ">=", "+=", "-=", "*=", "/=", "//", "**", "//=", "**=", "&", "|", "^", "~", "<<", ">>", "<<=", ">>=", "&=", "|=", "^=", "%", "%="],
      "correction_pattern": "add_spaces_around",
      "geometric_weight": 0.85,
      "dimensional_preference": [0.15, 0.3, 0.4, 0.15],
      "exceptions": ["*args", "**kwargs", "negative_numbers", "exponentiation_tight"]
    },
    "function_definitions": {
      "description": "Ensure proper spacing in function definitions",
      "patterns": ["def\\s+\\w+\\s*\\(", "def \\w+ \\("],
      "correction_pattern": "function_spacing",
      "geometric_weight": 0.92,
      "dimensional_preference": [0.2, 0.35, 0.35, 0.1],
      "rules": [
        "no_space_before_parentheses",
        "no_space_after_function_name",
        "space_after_colon"
      ]
    },
    "indentation": {
      "description": "Maintain consistent geometric indentation patterns",
      "indent_size": 4,
      "block_starters": ["def ", "class ", "if ", "elif ", "else:", "for ", "while ", "try:", "except", "except:", "finally:", "with ", "async def ", "@"],
      "correction_pattern": "fix_indentation",
      "geometric_weight": 0.98,
      "dimensional_preference": [0.3, 0.4, 0.2, 0.1],
      "rules": [
        "no_tabs_allowed",
        "consistent_4_spaces",
        "continuation_line_indent"
      ]
    },
    "parentheses_spacing": {
      "description": "Remove unnecessary spaces inside parentheses",
      "opening_patterns": ["\\(\\s+", "\\[\\s+", "\\{\\s+"],
      "closing_patterns": ["\\s+\\)", "\\s+\\]", "\\s+\\}"],
      "correction_pattern": "clean_parentheses",
      "geometric_weight": 0.75,
      "dimensional_preference": [0.15, 0.25, 0.45, 0.15]
    },
    "comma_spacing": {
      "description": "Ensure spaces after commas for geometric separation",
      "patterns": [",(?!\\s)", ",(\\s){2,}"],
      "correction_pattern": "comma_spacing",
      "geometric_weight": 0.65,
      "dimensional_preference": [0.2, 0.3, 0.35, 0.15],
      "rule": "space_after_comma_no_space_before"
    },
    "colon_spacing": {
      "description": "Ensure proper spacing around colons",
      "patterns": ["\\s+:", ":(\\s){2,}", "\\w:(?!\\/)"],
      "correction_pattern": "colon_spacing",
      "geometric_weight": 0.8,
      "dimensional_preference": [0.15, 0.35, 0.4, 0.1],
      "rules": [
        "no_space_before_colon",
        "space_after_colon_in_blocks",
        "no_space_in_slices"
      ]
    },
    "string_quotes": {
      "description": "Enforce consistent quote usage",
      "preference": "double_quotes",
      "correction_pattern": "normalize_quotes",
      "geometric_weight": 0.7,
      "dimensional_preference": [0.1, 0.2, 0.4, 0.3],
      "rules": [
        "single_to_double_conversion",
        "preserve_triple_quotes",
        "escape_internal_quotes"
      ]
    },
    "import_statements": {
      "description": "Maintain proper import formatting and organization",
      "correction_pattern": "format_imports",
      "geometric_weight": 0.8,
      "dimensional_preference": [0.25, 0.3, 0.3, 0.15],
      "rules": [
        "one_import_per_line",
        "alphabetical_ordering",
        "group_by_type",
        "space_between_groups"
      ],
      "groups": ["future", "stdlib", "third_party", "local"]
    },
    "blank_lines": {
      "description": "Enforce consistent blank line usage",
      "correction_pattern": "standardize_blank_lines",
      "geometric_weight": 0.7,
      "dimensional_preference": [0.2, 0.3, 0.35, 0.15],
      "rules": [
        "two_blank_lines_before_class",
        "two_blank_lines_before_function",
        "one_blank_line_between_methods",
        "no_multiple_blank_lines"
      ]
    },
    "line_length": {
      "description": "Maintain geometric line length constraints",
      "max_length": 79,
      "soft_limit": 88,
      "correction_pattern": "break_long_lines",
      "geometric_weight": 0.6,
      "dimensional_preference": [0.1, 0.2, 0.4, 0.3]
    },
    "trailing_whitespace": {
      "description": "Remove trailing whitespace for geometric cleanliness",
      "correction_pattern": "remove_trailing_whitespace",
      "geometric_weight": 0.9,
      "dimensional_preference": [0.3, 0.4, 0.2, 0.1]
    }
  },
  "correction_methods": {
    "add_spaces_around": "Apply geometric spacing around operators with context-aware exceptions",
    "function_spacing": "Ensure geometric spacing in function definitions and calls",
    "fix_indentation": "Apply consistent 4-space geometric indentation patterns",
    "clean_parentheses": "Remove geometric noise from parentheses and brackets",
    "comma_spacing": "Optimize geometric separation with single space after commas",
    "colon_spacing": "Align geometric structure with proper colon spacing",
    "normalize_quotes": "Convert to consistent double-quote style",
    "format_imports": "Organize imports by groups with proper spacing",
    "standardize_blank_lines": "Apply consistent blank line patterns",
    "break_long_lines": "Split lines exceeding 79 characters geometrically",
    "remove_trailing_whitespace": "Eliminate trailing spaces for geometric cleanliness"
  },
  "priority_levels": {
    "critical": ["fix_indentation", "remove_trailing_whitespace"],
    "high": ["add_spaces_around", "comma_spacing", "format_imports"],
    "medium": ["colon_spacing", "function_spacing", "standardize_blank_lines"],
    "low": ["normalize_quotes", "clean_parentheses", "break_long_lines"]
  },
  "python_specific_rules": {
    "version": "3.8+",
    "style_guide": "PEP 8",
    "max_cognitive_complexity": 10,
    "naming_conventions": {
      "modules": "lowercase_with_underscores",
      "classes": "CapWords",
      "functions": "lowercase_with_underscores",
      "constants": "UPPER_CASE_WITH_UNDERSCORES",
      "private_methods": "_leading_underscore",
      "dunder_methods": "__both_sides__"
    },
    "forbidden_patterns": [
      "tab_characters",
      "mixed_spaces_tabs",
      "multiple_statements_per_line",
      "trailing_commas_in_function_calls",
      "assignment_in_lambda",
      "walrus_operator_in_loops"
    ]
  },
  "validation_checks": {
    "syntax_validation": true,
    "import_validation": true,
    "variable_scope_validation": true,
    "type_consistency_validation": true,
    "logic_validation": true
  },
  "rule_application_order": [
    "fix_indentation",
    "remove_trailing_whitespace", 
    "clean_parentheses",
    "add_spaces_around",
    "comma_spacing",
    "colon_spacing",
    "function_spacing",
    "format_imports",
    "standardize_blank_lines",
    "normalize_quotes",
    "break_long_lines"
  ]
}